date,Stage Height (feet),Streamflow (cubic feet per second)
1-Jan-02,4.2,692
2-Jan-02,6.2,956
3-Jan-02,9.9,  NaN
4-Jan-02,6.6,977
5-Jan-02,  NaN,  NaN
6-Jan-02,  NaN,  NaN
7-Jan-02,  NaN,  NaN
8-Jan-02,5.2,61
9-Jan-02,5.8,116
10-Jan-02,5.4,79
11-Jan-02,5.4,76
12-Jan-02,5.2,55
13-Jan-02,5.1,53
14-Jan-02,5.1,48
15-Jan-02,5,42
16-Jan-02,5,38
17-Jan-02,4.9,32
18-Jan-02,4.9,29
19-Jan-02,4.8,26
20-Jan-02,4.8,26
21-Jan-02,4.8,26
22-Jan-02,4.8,24
23-Jan-02,4.8,24
24-Jan-02,4.8,24
25-Jan-02,4.7,23
26-Jan-02,4.7,23
27-Jan-02,4.7,23
28-Jan-02,5.4,77
29-Jan-02,5.5,82
30-Jan-02,5.1,47
31-Jan-02,5,36
1-Feb-02,4.9,29
2-Feb-02,4.8,26
3-Feb-02,4.8,25
4-Feb-02,4.7,24
5-Feb-02,4.7,23
6-Feb-02,4.7,22
7-Feb-02,4.7,22
8-Feb-02,4.7,22
9-Feb-02,4.8,24
10-Feb-02,5,39
11-Feb-02,4.9,32
12-Feb-02,4.8,26
13-Feb-02,4.8,25
14-Feb-02,4.8,24
15-Feb-02,4.8,24
16-Feb-02,4.7,22
17-Feb-02,5.3,65
18-Feb-02,5.7,102
19-Feb-02,5.6,98
20-Feb-02,5.3,64
21-Feb-02,5.2,45
22-Feb-02,5.1,32
23-Feb-02,5,25
24-Feb-02,5,24
25-Feb-02,4.9,21
26-Feb-02,4.8,20
27-Feb-02,4.8,18
28-Feb-02,4.8,19
1-Mar-02,4.7,16
2-Mar-02,4.6,15
3-Mar-02,4.8,20
4-Mar-02,4.6,16
5-Mar-02,4.7,16
6-Mar-02,4.7,17
7-Mar-02,5.1,30
8-Mar-02,5.1,28
9-Mar-02,5.2,37
10-Mar-02,5.3,46
11-Mar-02,4.9,21
12-Mar-02,4.9,21
13-Mar-02,5.1,30
14-Mar-02,5,25
15-Mar-02,4.8,19
16-Mar-02,4.8,20
17-Mar-02,4.7,16
18-Mar-02,4.6,15
19-Mar-02,4.7,18
20-Mar-02,5.9,104
21-Mar-02,5.7,87
22-Mar-02,5.5,91
23-Mar-02,5.5,84
24-Mar-02,6.4,217
25-Mar-02,5.9,140
26-Mar-02,5.6,94
27-Mar-02,5.8,127
28-Mar-02,6.2,169
29-Mar-02,6.1,161
30-Mar-02,6,141
31-Mar-02,6,148
1-Apr-02,5.9,128
2-Apr-02,6,149
3-Apr-02,6.4,218
4-Apr-02,5.8,117
5-Apr-02,5.8,120
6-Apr-02,5.9,140
7-Apr-02,5.7,106
8-Apr-02,5.7,104
9-Apr-02,5.6,95
10-Apr-02,5.7,104
11-Apr-02,5.7,106
12-Apr-02,5.7,111
13-Apr-02,5.5,87
14-Apr-02,5.6,98
15-Apr-02,5.5,88
16-Apr-02,5.8,121
17-Apr-02,5.6,98
18-Apr-02,5.6,96
19-Apr-02,5.7,102
20-Apr-02,5.6,99
21-Apr-02,5.5,82
22-Apr-02,5.4,76
23-Apr-02,5.6,92
24-Apr-02,5.7,111
25-Apr-02,5.7,100
26-Apr-02,6,141
27-Apr-02,5.8,120
28-Apr-02,5.7,107
29-Apr-02,6.1,159
30-Apr-02,6.5,226
1-May-02,6.2,171
2-May-02,6.1,158
3-May-02,6.3,188
4-May-02,6.2,181
5-May-02,6.1,165
6-May-02,6.1,166
7-May-02,6.2,169
8-May-02,6.3,199
9-May-02,6.5,236
10-May-02,6.5,231
11-May-02,6.6,254
12-May-02,6.6,250
13-May-02,6.6,250
14-May-02,6.8,262
15-May-02,6.8,264
16-May-02,6.6,253
17-May-02,6.8,263
18-May-02,6.7,259
19-May-02,6.8,268
20-May-02,6.8,262
21-May-02,6.7,257
22-May-02,6.6,248
23-May-02,6.7,260
24-May-02,6.8,268
25-May-02,6.8,266
26-May-02,6.7,255
27-May-02,6.5,240
28-May-02,6.5,238
29-May-02,6.6,254
30-May-02,6.6,250
31-May-02,6.9,271
1-Jun-02,6.6,254
2-Jun-02,7,309
3-Jun-02,6.7,259
4-Jun-02,6.5,240
5-Jun-02,6.5,224
6-Jun-02,6.8,264
7-Jun-02,7,289
8-Jun-02,7,294
9-Jun-02,6.8,269
10-Jun-02,6.9,271
11-Jun-02,6.5,240
12-Jun-02,6.8,263
13-Jun-02,6.9,271
14-Jun-02,6.9,287
15-Jun-02,6.7,254
16-Jun-02,6.8,264
17-Jun-02,6.8,262
18-Jun-02,6.7,261
19-Jun-02,7,307
20-Jun-02,7.2,333
21-Jun-02,7,307
22-Jun-02,6.9,279
23-Jun-02,7.5,392
24-Jun-02,7.7,441
25-Jun-02,7.1,325
26-Jun-02,7,296
27-Jun-02,7.2,347
28-Jun-02,7.1,323
29-Jun-02,  NaN,  NaN
30-Jun-02,6.8,266
1-Jul-02,6.8,264
2-Jul-02,6.8,265
3-Jul-02,6.8,269
4-Jul-02,7.1,317
5-Jul-02,7,309
6-Jul-02,6.9,277
7-Jul-02,7,301
8-Jul-02,7.2,347
9-Jul-02,7.1,313
10-Jul-02,7.2,331
11-Jul-02,7,305
12-Jul-02,7,309
13-Jul-02,  NaN,  NaN
14-Jul-02,7.1,315
15-Jul-02,7.3,364
16-Jul-02,6.9,284
17-Jul-02,7,289
18-Jul-02,7,289
19-Jul-02,7,311
20-Jul-02,7.1,327
21-Jul-02,6.9,287
22-Jul-02,6.8,266
23-Jul-02,7.1,317
24-Jul-02,6.8,265
25-Jul-02,7,303
26-Jul-02,7,296
27-Jul-02,7,299
28-Jul-02,6.6,241
29-Jul-02,7,294
30-Jul-02,6.8,270
31-Jul-02,6.7,257
1-Aug-02,7,311
2-Aug-02,7,292
3-Aug-02,7.2,343
4-Aug-02,6.8,265
5-Aug-02,6.6,252
6-Aug-02,6.7,261
7-Aug-02,7,292
8-Aug-02,6.8,269
9-Aug-02,6.8,266
10-Aug-02,7,303
11-Aug-02,6.8,266
12-Aug-02,6.7,260
13-Aug-02,6.9,272
14-Aug-02,6.8,263
15-Aug-02,6.9,270
16-Aug-02,7,311
17-Aug-02,6.7,256
18-Aug-02,6.7,259
19-Aug-02,6.6,245
20-Aug-02,6.6,243
21-Aug-02,6.4,211
22-Aug-02,6.5,231
23-Aug-02,6.5,222
24-Aug-02,6.4,211
25-Aug-02,6.4,211
26-Aug-02,6,142
27-Aug-02,6.1,163
28-Aug-02,6.3,194
29-Aug-02,6.3,197
30-Aug-02,7,279
31-Aug-02,6.6,247
1-Sep-02,6.4,206
2-Sep-02,6.3,187
3-Sep-02,6,137
4-Sep-02,6.1,159
5-Sep-02,6.2,162
6-Sep-02,5.8,109
7-Sep-02,5.8,107
8-Sep-02,5.7,97
9-Sep-02,5.5,85
10-Sep-02,5.5,79
11-Sep-02,5.5,82
12-Sep-02,5.4,70
13-Sep-02,5.4,71
14-Sep-02,5.8,116
15-Sep-02,6,137
16-Sep-02,5.9,127
17-Sep-02,5.9,121
18-Sep-02,5.3,60
19-Sep-02,5.4,71
20-Sep-02,5.3,67
21-Sep-02,5.4,75
22-Sep-02,5.5,85
23-Sep-02,5.5,80
24-Sep-02,5.7,103
25-Sep-02,5.9,130
26-Sep-02,5.7,102
27-Sep-02,5.9,124
28-Sep-02,6,135
29-Sep-02,6.2,178
30-Sep-02,5.7,101
1-Oct-02,5.7,97
2-Oct-02,5.3,68
3-Oct-02,5.3,63
4-Oct-02,5.1,42
5-Oct-02,4.7,22
6-Oct-02,5.2,50
7-Oct-02,5.2,59
8-Oct-02,5.1,46
9-Oct-02,5,41
10-Oct-02,5.3,61
11-Oct-02,5.2,57
12-Oct-02,5.1,43
13-Oct-02,5,40
14-Oct-02,4.8,25
15-Oct-02,4.7,22
16-Oct-02,4.7,21
17-Oct-02,5.1,44
18-Oct-02,5.3,68
19-Oct-02,5.7,98
20-Oct-02,5.3,69
21-Oct-02,5.3,61
22-Oct-02,5.2,59
23-Oct-02,5.3,62
24-Oct-02,5.7,100
25-Oct-02,5.2,52
26-Oct-02,5.1,45
27-Oct-02,5.1,49
28-Oct-02,5.2,50
29-Oct-02,5.1,46
30-Oct-02,5.2,54
31-Oct-02,5.1,44
1-Nov-02,4.8,24
2-Nov-02,4.7,22
3-Nov-02,6.1,156
4-Nov-02,4.8,24
5-Nov-02,4.6,19
6-Nov-02,4.5,17
7-Nov-02,4.6,18
8-Nov-02,4.8,24
9-Nov-02,5.2,57
10-Nov-02,5,38
11-Nov-02,4.7,21
12-Nov-02,4.5,18
13-Nov-02,4.5,15
14-Nov-02,4.4,6
15-Nov-02,4.4,4
16-Nov-02,4.3,4
17-Nov-02,4.4,5
18-Nov-02,4.3,3
19-Nov-02,4.3,2
20-Nov-02,4.3,2
21-Nov-02,4.2,2
22-Nov-02,4.2,2
23-Nov-02,4.2,2
24-Nov-02,4.2,2
25-Nov-02,4.2,1
26-Nov-02,4.2,0
27-Nov-02,4.2,0
28-Nov-02,4.2,0
29-Nov-02,4.2,0
30-Nov-02,4.2,0
1-Dec-02,4.2,0
2-Dec-02,4.2,0
3-Dec-02,4.2,0
4-Dec-02,4.2,0
5-Dec-02,4.2,0
6-Dec-02,4.1,0
7-Dec-02,4.1,0
8-Dec-02,4,0
9-Dec-02,4,0
10-Dec-02,3.9,0
11-Dec-02,3.9,0
12-Dec-02,3.9,0
13-Dec-02,4.2,1
14-Dec-02,4.4,6
15-Dec-02,4.3,4
16-Dec-02,9.7,762
17-Dec-02,11.7,996
18-Dec-02,7.8,396
19-Dec-02,6.2,128
20-Dec-02,9.6,740
21-Dec-02,7.8,382
22-Dec-02,6.5,161
23-Dec-02,5.9,88
24-Dec-02,5.5,53
25-Dec-02,5.3,33
26-Dec-02,5.1,24
27-Dec-02,5,21
28-Dec-02,4.9,19
29-Dec-02,7.2,265
30-Dec-02,7.5,333
31-Dec-02,6.1,113
1-Jan-03,5.9,88
2-Jan-03,5.8,78
3-Jan-03,5.5,50
4-Jan-03,5.3,33
5-Jan-03,5.2,25
6-Jan-03,5,22
7-Jan-03,5,20
8-Jan-03,4.9,18
9-Jan-03,4.8,22
10-Jan-03,8.1,500
11-Jan-03,8.1,486
12-Jan-03,6.3,178
13-Jan-03,5.8,97
14-Jan-03,5.5,71
15-Jan-03,5.3,55
16-Jan-03,5.2,44
17-Jan-03,5.1,35
18-Jan-03,5,29
19-Jan-03,4.9,25
20-Jan-03,4.9,24
21-Jan-03,4.8,22
22-Jan-03,4.8,22
23-Jan-03,4.8,20
24-Jan-03,4.7,19
25-Jan-03,4.7,19
26-Jan-03,4.7,18
27-Jan-03,4.6,17
28-Jan-03,4.6,17
29-Jan-03,4.6,17
30-Jan-03,4.6,16
31-Jan-03,4.5,15
1-Feb-03,4.5,14
2-Feb-03,4.5,14
3-Feb-03,4.5,14
4-Feb-03,4.5,13
5-Feb-03,4.5,13
6-Feb-03,4.4,12
7-Feb-03,4.4,12
8-Feb-03,4.4,11
9-Feb-03,4.4,11
10-Feb-03,4.4,11
11-Feb-03,4.4,11
12-Feb-03,4.3,10
13-Feb-03,4.5,13
14-Feb-03,4.4,12
15-Feb-03,4.5,14
16-Feb-03,4.6,16
17-Feb-03,4.5,15
18-Feb-03,4.7,19
19-Feb-03,4.6,16
20-Feb-03,4.6,16
21-Feb-03,4.6,15
22-Feb-03,4.5,14
23-Feb-03,4.5,14
24-Feb-03,4.5,13
25-Feb-03,4.5,8
26-Feb-03,4.5,7
27-Feb-03,  NaN,  NaN
28-Feb-03,4.5,6
1-Mar-03,4.5,6
2-Mar-03,4.5,8
3-Mar-03,4.5,8
4-Mar-03,4.5,7
5-Mar-03,4.5,7
6-Mar-03,4.5,6
7-Mar-03,4.5,6
8-Mar-03,4.5,6
9-Mar-03,4.4,5
10-Mar-03,4.3,2
11-Mar-03,4.2,0
12-Mar-03,4.6,9
13-Mar-03,4.6,9
14-Mar-03,4.7,11
15-Mar-03,5.2,23
16-Mar-03,4.8,16
17-Mar-03,5.1,21
18-Mar-03,5,20
19-Mar-03,6.5,226
20-Mar-03,5.9,131
21-Mar-03,5.9,132
22-Mar-03,5.7,103
23-Mar-03,5.9,134
24-Mar-03,5.9,135
25-Mar-03,5.9,126
26-Mar-03,5.9,134
27-Mar-03,6,145
28-Mar-03,6.5,218
29-Mar-03,6.2,178
30-Mar-03,6.2,169
31-Mar-03,6.3,192
1-Apr-03,6.2,166
2-Apr-03,6.4,211
3-Apr-03,6.1,156
4-Apr-03,5.6,91
5-Apr-03,5.9,137
6-Apr-03,6,138
7-Apr-03,5.6,90
8-Apr-03,5.7,102
9-Apr-03,5.6,98
10-Apr-03,5.5,87
11-Apr-03,5.7,98
12-Apr-03,5.7,98
13-Apr-03,5.4,76
14-Apr-03,6.4,215
15-Apr-03,6.3,201
16-Apr-03,5.5,88
17-Apr-03,5.3,70
18-Apr-03,5.6,90
19-Apr-03,5.2,59
20-Apr-03,5.1,50
21-Apr-03,5.6,92
22-Apr-03,5.3,65
23-Apr-03,5.2,56
24-Apr-03,5,35
25-Apr-03,6.7,253
26-Apr-03,5.8,124
27-Apr-03,5.8,111
28-Apr-03,5.6,92
29-Apr-03,5.2,62
30-Apr-03,5.3,70
1-May-03,5.7,109
2-May-03,5.7,103
3-May-03,5.5,90
4-May-03,5.4,76
5-May-03,5.7,110
6-May-03,5.6,94
7-May-03,6,141
8-May-03,5.9,138
9-May-03,5.8,120
10-May-03,6.1,155
11-May-03,6,142
12-May-03,6,151
13-May-03,6.4,204
14-May-03,6.4,217
15-May-03,6.8,268
16-May-03,6.8,264
17-May-03,6.6,248
18-May-03,6.5,222
19-May-03,6.5,231
20-May-03,6.4,215
21-May-03,6.6,252
22-May-03,6.3,201
23-May-03,6.2,176
24-May-03,6.2,171
25-May-03,6.2,180
26-May-03,6.5,226
27-May-03,6.7,255
28-May-03,6.4,215
29-May-03,6.4,215
30-May-03,6.2,183
31-May-03,6.4,217
1-Jun-03,6.3,201
2-Jun-03,6.4,211
3-Jun-03,6.3,199
4-Jun-03,6.1,166
5-Jun-03,6.7,254
6-Jun-03,6.3,204
7-Jun-03,6.4,218
8-Jun-03,6.6,243
9-Jun-03,6.6,254
10-Jun-03,6.5,222
11-Jun-03,6.2,185
12-Jun-03,6.3,194
13-Jun-03,6.7,254
14-Jun-03,6.6,254
15-Jun-03,6.6,247
16-Jun-03,6.6,241
17-Jun-03,6.6,250
18-Jun-03,6.5,224
19-Jun-03,6.7,255
20-Jun-03,6.6,250
21-Jun-03,6.7,256
22-Jun-03,6.6,254
23-Jun-03,6.7,260
24-Jun-03,7.1,325
25-Jun-03,7.1,325
26-Jun-03,6.6,252
27-Jun-03,6.9,270
28-Jun-03,6.8,269
29-Jun-03,6.5,238
30-Jun-03,6.6,254
1-Jul-03,6.6,243
2-Jul-03,6.7,255
3-Jul-03,6.5,234
4-Jul-03,6.5,240
5-Jul-03,6.7,260
6-Jul-03,6.6,245
7-Jul-03,6.7,254
8-Jul-03,6.6,252
9-Jul-03,6.7,255
10-Jul-03,6.9,270
11-Jul-03,6.9,274
12-Jul-03,6.5,233
13-Jul-03,6.5,234
14-Jul-03,6.6,247
15-Jul-03,6.9,270
16-Jul-03,6.9,277
17-Jul-03,6.8,268
18-Jul-03,6.8,269
19-Jul-03,6.8,266
20-Jul-03,6.6,241
21-Jul-03,6.7,261
22-Jul-03,6.7,259
23-Jul-03,6.6,247
24-Jul-03,6.8,263
25-Jul-03,6.7,261
26-Jul-03,6.9,272
27-Jul-03,6.9,279
28-Jul-03,6.8,265
29-Jul-03,6.9,284
30-Jul-03,7,311
31-Jul-03,7,309
1-Aug-03,6.8,265
2-Aug-03,6.8,262
3-Aug-03,6.6,241
4-Aug-03,6.6,248
5-Aug-03,6.5,231
6-Aug-03,6.5,224
7-Aug-03,6.2,181
8-Aug-03,6,154
9-Aug-03,6.1,166
10-Aug-03,6,155
11-Aug-03,6.2,169
12-Aug-03,6.2,171
13-Aug-03,6.4,218
14-Aug-03,6.4,220
15-Aug-03,6.5,231
16-Aug-03,6.8,270
17-Aug-03,6.8,269
18-Aug-03,6.4,206
19-Aug-03,6.3,192
20-Aug-03,6.1,158
21-Aug-03,6.5,240
22-Aug-03,6.4,215
23-Aug-03,6,146
24-Aug-03,6,141
25-Aug-03,5.8,117
26-Aug-03,6,146
27-Aug-03,6.5,231
28-Aug-03,6.6,252
29-Aug-03,6.7,256
30-Aug-03,5.9,138
31-Aug-03,6,152
1-Sep-03,6.5,227
2-Sep-03,6,155
3-Sep-03,5.6,98
4-Sep-03,5.8,126
5-Sep-03,5.8,120
6-Sep-03,5.5,88
7-Sep-03,5.5,85
8-Sep-03,5.5,83
9-Sep-03,5.6,95
10-Sep-03,5.3,68
11-Sep-03,5.3,69
12-Sep-03,5.6,92
13-Sep-03,5.5,86
14-Sep-03,5.5,91
15-Sep-03,5.5,82
16-Sep-03,5.2,59
17-Sep-03,5.4,80
18-Sep-03,5.5,82
19-Sep-03,5.2,63
20-Sep-03,5.5,83
21-Sep-03,5.5,86
22-Sep-03,5.2,62
23-Sep-03,5.4,78
24-Sep-03,5.6,95
25-Sep-03,5.6,98
26-Sep-03,5.4,67
27-Sep-03,5.1,45
28-Sep-03,5.1,45
29-Sep-03,5.2,50
30-Sep-03,6.2,177
1-Oct-03,5.3,59
2-Oct-03,5.2,50
3-Oct-03,5,37
4-Oct-03,5,33
5-Oct-03,5.2,46
6-Oct-03,5,36
7-Oct-03,5,32
8-Oct-03,5.2,55
9-Oct-03,5.4,70
10-Oct-03,5.6,99
11-Oct-03,5.3,64
12-Oct-03,5.4,68
13-Oct-03,5.8,119
14-Oct-03,5.2,50
15-Oct-03,5.2,54
16-Oct-03,5.1,44
17-Oct-03,5.2,56
18-Oct-03,5.4,70
19-Oct-03,5.3,62
20-Oct-03,5.4,67
21-Oct-03,5.4,74
22-Oct-03,5.4,69
23-Oct-03,5.2,54
24-Oct-03,5.2,52
25-Oct-03,5.3,58
26-Oct-03,5.3,60
27-Oct-03,5.1,45
28-Oct-03,5,32
29-Oct-03,5.5,86
30-Oct-03,4.9,26
31-Oct-03,  NaN,  NaN
1-Nov-03,  NaN,  NaN
2-Nov-03,  NaN,  NaN
3-Nov-03,  NaN,  NaN
4-Nov-03,  NaN,  NaN
5-Nov-03,  NaN,  NaN
6-Nov-03,  NaN,  NaN
7-Nov-03,  NaN,  NaN
8-Nov-03,  NaN,  NaN
9-Nov-03,  NaN,  NaN
10-Nov-03,  NaN,  NaN
11-Nov-03,  NaN,  NaN
12-Nov-03,  NaN,  NaN
13-Nov-03,  NaN,  NaN
14-Nov-03,  NaN,  NaN
15-Nov-03,  NaN,  NaN
16-Nov-03,  NaN,  NaN
17-Nov-03,  NaN,  NaN
18-Nov-03,  NaN,  NaN
19-Nov-03,4.3,1
20-Nov-03,4.3,1
21-Nov-03,4.3,1
22-Nov-03,4.2,1
23-Nov-03,4.2,0
24-Nov-03,4.2,0
25-Nov-03,4.2,0
26-Nov-03,4.2,0
27-Nov-03,4.1,0
28-Nov-03,4.1,0
29-Nov-03,4,0
30-Nov-03,4,0
1-Dec-03,3.9,0
2-Dec-03,3.9,0
3-Dec-03,3.9,0
4-Dec-03,3.8,0
5-Dec-03,3.8,0
6-Dec-03,3.8,0
7-Dec-03,4.1,0
8-Dec-03,4,0
9-Dec-03,4,0
10-Dec-03,4,0
11-Dec-03,4.3,2
12-Dec-03,4.1,0
13-Dec-03,4,0
14-Dec-03,4.3,1
15-Dec-03,4.1,0
16-Dec-03,4,0
17-Dec-03,4,0
18-Dec-03,3.9,0
19-Dec-03,4.3,1
20-Dec-03,4.2,1
21-Dec-03,4.1,0
22-Dec-03,4,0
23-Dec-03,4,0
24-Dec-03,4.2,1
25-Dec-03,4.5,7
26-Dec-03,5.7,107
27-Dec-03,5.5,82
28-Dec-03,5,30
29-Dec-03,4.7,15
30-Dec-03,5.3,59
31-Dec-03,5.5,74
1-Jan-04,6.5,224
2-Jan-04,8.8,660
3-Jan-04,6.7,255
4-Jan-04,5.6,98
5-Jan-04,5.2,54
6-Jan-04,5,32
7-Jan-04,4.8,23
8-Jan-04,4.7,17
9-Jan-04,4.6,14
10-Jan-04,4.6,11
11-Jan-04,4.5,7
12-Jan-04,4.5,6
13-Jan-04,4.4,5
14-Jan-04,4.3,3
15-Jan-04,4.3,2
16-Jan-04,4.3,2
17-Jan-04,4.3,2
18-Jan-04,4.3,1
19-Jan-04,4.3,1
20-Jan-04,4.2,1
21-Jan-04,4.2,1
22-Jan-04,4.2,0
23-Jan-04,4.2,0
24-Jan-04,4.2,0
25-Jan-04,4.2,0
26-Jan-04,4.2,0
27-Jan-04,4.3,3
28-Jan-04,4.3,1
29-Jan-04,4.2,0
30-Jan-04,4.2,0
31-Jan-04,4.3,1
1-Feb-04,4.3,2
2-Feb-04,4.6,12
3-Feb-04,7.5,397
4-Feb-04,7.3,367
5-Feb-04,5.9,131
6-Feb-04,5.3,64
7-Feb-04,5.1,39
8-Feb-04,4.9,26
9-Feb-04,4.8,19
10-Feb-04,4.7,15
11-Feb-04,4.6,13
12-Feb-04,4.5,9
13-Feb-04,4.5,7
14-Feb-04,4.5,6
15-Feb-04,4.4,5
16-Feb-04,4.5,7
17-Feb-04,4.4,6
18-Feb-04,7.5,409
19-Feb-04,8.6,624
20-Feb-04,6.4,215
21-Feb-04,5.6,94
22-Feb-04,5.3,58
23-Feb-04,5.7,106
24-Feb-04,5.7,111
25-Feb-04,5.5,79
26-Feb-04,13.9,968
27-Feb-04,14.7,  NaN
28-Feb-04,10.8,963
29-Feb-04,6.8,275
1-Mar-04,6.1,168
2-Mar-04,7.9,474
3-Mar-04,7.3,361
4-Mar-04,6.2,175
5-Mar-04,5.8,119
6-Mar-04,5.6,89
7-Mar-04,5.4,69
8-Mar-04,5.3,56
9-Mar-04,5.2,46
10-Mar-04,5.1,39
11-Mar-04,5,34
12-Mar-04,5,29
13-Mar-04,4.9,26
14-Mar-04,4.9,23
15-Mar-04,4.8,20
16-Mar-04,4.8,17
17-Mar-04,4.7,15
18-Mar-04,4.7,14
19-Mar-04,4.6,12
20-Mar-04,4.6,8
21-Mar-04,4.6,8
22-Mar-04,4.5,6
23-Mar-04,6,141
24-Mar-04,5.8,115
25-Mar-04,5.7,100
26-Mar-04,5.4,64
27-Mar-04,5.4,63
28-Mar-04,5.3,50
29-Mar-04,5.2,46
30-Mar-04,5.3,51
31-Mar-04,5.2,48
1-Apr-04,5.7,102
2-Apr-04,5.8,108
3-Apr-04,6.5,223
4-Apr-04,6.1,156
5-Apr-04,5.8,115
6-Apr-04,5.4,60
7-Apr-04,5.5,78
8-Apr-04,5.5,79
9-Apr-04,5.6,85
10-Apr-04,5.6,88
11-Apr-04,5.2,49
12-Apr-04,5.4,68
13-Apr-04,5.8,106
14-Apr-04,5.9,121
15-Apr-04,5.7,95
16-Apr-04,5.6,90
17-Apr-04,5.7,95
18-Apr-04,5.7,95
19-Apr-04,5.5,77
20-Apr-04,5.6,89
21-Apr-04,6.1,150
22-Apr-04,6.1,154
23-Apr-04,6.3,178
24-Apr-04,6.2,173
25-Apr-04,6.1,154
26-Apr-04,6.5,212
27-Apr-04,6.5,223
28-Apr-04,6.8,255
29-Apr-04,7.1,299
30-Apr-04,6.7,252
1-May-04,6.7,243
2-May-04,6.6,239
3-May-04,6.7,248
4-May-04,6.7,249
5-May-04,6.5,212
6-May-04,6.7,243
7-May-04,6.9,273
8-May-04,6.8,261
9-May-04,6.6,230
10-May-04,6.6,239
11-May-04,6.9,276
12-May-04,6.8,257
13-May-04,6.8,256
14-May-04,6.9,273
15-May-04,7,283
16-May-04,6.9,265
17-May-04,6.7,253
18-May-04,6.7,254
19-May-04,6.8,257
20-May-04,6.8,263
21-May-04,6.7,251
22-May-04,6.7,251
23-May-04,6.5,208
24-May-04,6.2,168
25-May-04,6.5,239
26-May-04,6.5,235
27-May-04,6.5,226
28-May-04,6.8,271
29-May-04,6.7,259
30-May-04,6.3,193
31-May-04,6.7,254
1-Jun-04,6.7,254
2-Jun-04,6.3,195
3-Jun-04,6.6,244
4-Jun-04,6.7,259
5-Jun-04,6.8,275
6-Jun-04,6.7,257
7-Jun-04,6.8,263
8-Jun-04,6.6,250
9-Jun-04,6.6,248
10-Jun-04,6.3,202
11-Jun-04,6.4,217
12-Jun-04,6.5,234
13-Jun-04,6.7,259
14-Jun-04,6.7,261
15-Jun-04,6.7,261
16-Jun-04,7,292
17-Jun-04,6.9,276
18-Jun-04,6.8,264
19-Jun-04,6.7,255
20-Jun-04,6.6,244
21-Jun-04,7.2,339
22-Jun-04,7.2,333
23-Jun-04,7.1,313
24-Jun-04,6.6,241
25-Jun-04,6.8,259
26-Jun-04,7,294
27-Jun-04,6.9,269
28-Jun-04,6.7,257
29-Jun-04,6.7,257
30-Jun-04,6.8,263
1-Jul-04,6.8,262
2-Jul-04,6.9,269
3-Jul-04,6.7,256
4-Jul-04,6.4,200
5-Jul-04,6.4,202
6-Jul-04,6.6,243
7-Jul-04,6.8,259
8-Jul-04,6.8,265
9-Jul-04,6.6,239
10-Jul-04,6.8,260
11-Jul-04,6.7,249
12-Jul-04,6.6,241
13-Jul-04,6.9,273
14-Jul-04,6.8,265
15-Jul-04,6.8,261
16-Jul-04,6.7,252
17-Jul-04,6.7,250
18-Jul-04,6.8,261
19-Jul-04,6.8,260
20-Jul-04,6.8,258
21-Jul-04,6.8,260
22-Jul-04,6.7,251
23-Jul-04,6.8,266
24-Jul-04,6.8,266
25-Jul-04,6.6,239
26-Jul-04,6.6,234
27-Jul-04,6.6,234
28-Jul-04,6.5,221
29-Jul-04,6.5,230
30-Jul-04,6.6,235
31-Jul-04,6.6,241
1-Aug-04,7,303
2-Aug-04,7.1,317
3-Aug-04,7.1,311
4-Aug-04,6.9,271
5-Aug-04,6.5,221
6-Aug-04,6.6,234
7-Aug-04,6.7,251
8-Aug-04,6.3,188
9-Aug-04,6.5,224
10-Aug-04,6.6,241
11-Aug-04,6.5,226
12-Aug-04,6.4,210
13-Aug-04,6.5,228
14-Aug-04,6.5,226
15-Aug-04,6.3,190
16-Aug-04,6.8,266
17-Aug-04,6.8,262
18-Aug-04,6.3,193
19-Aug-04,6.6,244
20-Aug-04,6.5,224
21-Aug-04,6.3,192
22-Aug-04,6.4,207
23-Aug-04,6.4,208
24-Aug-04,6.1,160
25-Aug-04,6.5,213
26-Aug-04,6.4,208
27-Aug-04,5.9,134
28-Aug-04,5.8,124
29-Aug-04,5.8,124
30-Aug-04,5.8,116
31-Aug-04,5.8,112
1-Sep-04,6,139
2-Sep-04,5.7,110
3-Sep-04,5.7,103
4-Sep-04,5.5,77
5-Sep-04,5.5,80
6-Sep-04,5.5,78
7-Sep-04,5.3,59
8-Sep-04,5.7,106
9-Sep-04,5.5,86
10-Sep-04,5.6,96
11-Sep-04,5.7,102
12-Sep-04,5.7,108
13-Sep-04,5.6,95
14-Sep-04,5.6,89
15-Sep-04,5.5,80
16-Sep-04,5.8,117
17-Sep-04,5.5,78
18-Sep-04,5.3,60
19-Sep-04,5.4,67
20-Sep-04,5.1,41
21-Sep-04,5.7,104
22-Sep-04,5.7,104
23-Sep-04,5.1,37
24-Sep-04,5,36
25-Sep-04,5,34
26-Sep-04,5.3,61
27-Sep-04,5.4,68
28-Sep-04,5.5,83
29-Sep-04,5.4,72
30-Sep-04,5.5,82
1-Oct-04,5.6,94
2-Oct-04,5.8,115
3-Oct-04,5.8,114
4-Oct-04,5.4,70
5-Oct-04,5,32
6-Oct-04,5.1,38
7-Oct-04,5.2,49
8-Oct-04,5.2,47
9-Oct-04,5.2,49
10-Oct-04,5.6,95
11-Oct-04,6.6,244
12-Oct-04,5.5,80
13-Oct-04,5.8,123
14-Oct-04,5.6,90
15-Oct-04,5.1,44
16-Oct-04,4.8,19
17-Oct-04,4.6,10
18-Oct-04,4.6,14
19-Oct-04,5.4,68
20-Oct-04,5.4,67
21-Oct-04,4.7,14
22-Oct-04,5,33
23-Oct-04,4.5,8
24-Oct-04,4.9,25
25-Oct-04,4.8,19
26-Oct-04,5.2,51
27-Oct-04,7.6,413
28-Oct-04,6.3,200
29-Oct-04,5.3,61
30-Oct-04,5,32
31-Oct-04,4.8,20
1-Nov-04,4.7,14
2-Nov-04,4.5,9
3-Nov-04,4.6,13
4-Nov-04,4.6,12
5-Nov-04,4.6,13
6-Nov-04,4.7,14
7-Nov-04,4.7,15
8-Nov-04,4.6,13
9-Nov-04,4.5,8
10-Nov-04,4.5,6
11-Nov-04,4.6,14
12-Nov-04,7.1,321
13-Nov-04,7.1,315
14-Nov-04,5.6,98
15-Nov-04,5.2,50
16-Nov-04,5,30
17-Nov-04,4.8,21
18-Nov-04,4.7,16
19-Nov-04,4.6,14
20-Nov-04,4.6,12
21-Nov-04,4.5,10
22-Nov-04,4.5,7
23-Nov-04,4.5,6
24-Nov-04,4.5,6
25-Nov-04,4.4,6
26-Nov-04,4.4,5
27-Nov-04,4.5,6
28-Nov-04,4.4,5
29-Nov-04,5,36
30-Nov-04,5,30
1-Dec-04,4.8,20
2-Dec-04,4.7,15
3-Dec-04,4.6,13
4-Dec-04,4.6,10
5-Dec-04,4.5,8
6-Dec-04,4.5,8
7-Dec-04,4.6,12
8-Dec-04,7.3,367
9-Dec-04,7.6,422
10-Dec-04,6.4,208
11-Dec-04,5.6,94
12-Dec-04,5.3,59
13-Dec-04,5.1,42
14-Dec-04,5,33
15-Dec-04,4.9,25
16-Dec-04,4.8,21
17-Dec-04,4.8,18
18-Dec-04,4.7,15
19-Dec-04,4.7,14
20-Dec-04,4.7,13
21-Dec-04,4.6,13
22-Dec-04,4.6,11
23-Dec-04,4.6,10
24-Dec-04,4.6,9
25-Dec-04,4.5,8
26-Dec-04,4.5,7
27-Dec-04,4.6,12
28-Dec-04,8.7,640
29-Dec-04,8.6,614
30-Dec-04,11.3,988
31-Dec-04,18.1,  NaN
1-Jan-05,16.8,  NaN
2-Jan-05,10.6,984
3-Jan-05,15.5,877
4-Jan-05,15.5,963
5-Jan-05,9.3,759
6-Jan-05,7.4,389
7-Jan-05,9.2,742
8-Jan-05,21.6,919
9-Jan-05,21.4,  NaN
10-Jan-05,21.2,  NaN
11-Jan-05,19.7,  NaN
12-Jan-05,18.6,  NaN
13-Jan-05,13.7,982
14-Jan-05,8.7,646
15-Jan-05,7.4,389
16-Jan-05,6.8,271
17-Jan-05,6.5,226
18-Jan-05,6.3,192
19-Jan-05,6.1,165
20-Jan-05,6,142
21-Jan-05,5.8,123
22-Jan-05,5.7,104
23-Jan-05,5.6,88
24-Jan-05,5.5,86
25-Jan-05,5.5,76
26-Jan-05,10.4,829
27-Jan-05,12.1,954
28-Jan-05,10.6,938
29-Jan-05,10.7,982
30-Jan-05,8.3,572
31-Jan-05,6.9,276
1-Feb-05,6.3,197
2-Feb-05,6,148
3-Feb-05,5.8,119
4-Feb-05,5.7,99
5-Feb-05,5.5,86
6-Feb-05,5.5,77
7-Feb-05,5.4,69
8-Feb-05,5.4,67
9-Feb-05,5.3,60
10-Feb-05,5.2,55
11-Feb-05,5.2,52
12-Feb-05,5.2,51
13-Feb-05,5.2,49
14-Feb-05,5.1,45
15-Feb-05,7.3,363
16-Feb-05,14.8,933
17-Feb-05,13.9,995
18-Feb-05,12.8,836
19-Feb-05,12.9,995
20-Feb-05,8.9,694
21-Feb-05,8.6,622
22-Feb-05,7.7,438
23-Feb-05,7.1,321
24-Feb-05,6.5,228
25-Feb-05,6.2,173
26-Feb-05,5.9,141
27-Feb-05,5.8,120
28-Feb-05,10.8,993
1-Mar-05,9,715
2-Mar-05,7.4,399
3-Mar-05,7.4,399
4-Mar-05,6.3,217
5-Mar-05,6.4,232
6-Mar-05,6.1,187
7-Mar-05,5.9,147
8-Mar-05,5.7,124
9-Mar-05,5.6,110
10-Mar-05,5.5,98
11-Mar-05,5.4,89
12-Mar-05,5.4,83
13-Mar-05,5.3,75
14-Mar-05,5.3,70
15-Mar-05,5.2,67
16-Mar-05,5.2,61
17-Mar-05,5.2,57
18-Mar-05,5.1,55
19-Mar-05,7.7,472
20-Mar-05,11.7,947
21-Mar-05,8.4,600
22-Mar-05,22.1,956
23-Mar-05,22.7,  NaN
24-Mar-05,19.5,  NaN
25-Mar-05,16.3,  NaN
26-Mar-05,11.2,942
27-Mar-05,7.3,359
28-Mar-05,8,495
29-Mar-05,8,497
30-Mar-05,6.9,278
31-Mar-05,6.5,235
1-Apr-05,6.3,200
2-Apr-05,6,153
3-Apr-05,6.7,253
4-Apr-05,6.7,254
5-Apr-05,6.2,175
6-Apr-05,6.7,259
7-Apr-05,7,292
8-Apr-05,6.9,280
9-Apr-05,6.5,235
10-Apr-05,6.5,221
11-Apr-05,6.4,215
12-Apr-05,6.4,220
13-Apr-05,6.3,213
14-Apr-05,5.8,121
15-Apr-05,5.6,95
16-Apr-05,6.3,197
17-Apr-05,5.9,134
18-Apr-05,5.5,85
19-Apr-05,5.7,122
20-Apr-05,5.8,143
21-Apr-05,5.9,157
22-Apr-05,5.5,91
23-Apr-05,6.2,210
24-Apr-05,6.2,198
25-Apr-05,6.1,190
26-Apr-05,6,177
27-Apr-05,6.1,192
28-Apr-05,6,172
29-Apr-05,5.9,153
30-Apr-05,6.1,188
1-May-05,6.2,197
2-May-05,6.2,197
3-May-05,6,174
4-May-05,6.2,203
5-May-05,6.3,228
6-May-05,6.6,264
7-May-05,6.5,251
8-May-05,6.2,208
9-May-05,6.4,236
10-May-05,7.1,349
11-May-05,6.8,295
12-May-05,6.5,252
13-May-05,6.4,238
14-May-05,6.3,213
15-May-05,6.2,208
16-May-05,6.2,210
17-May-05,6.3,218
18-May-05,6.2,206
19-May-05,6.1,193
20-May-05,6.5,247
21-May-05,6.2,210
22-May-05,6.3,228
23-May-05,6.3,213
24-May-05,6.4,236
25-May-05,6.3,226
26-May-05,6.4,236
27-May-05,6.6,262
28-May-05,6.7,280
29-May-05,6.9,316
30-May-05,6.9,318
31-May-05,6.5,260
1-Jun-05,7,331
2-Jun-05,7,321
3-Jun-05,6.5,241
4-Jun-05,6.5,249
5-Jun-05,6.5,252
6-Jun-05,7.2,362
7-Jun-05,7.2,364
8-Jun-05,7.1,344
9-Jun-05,7,326
10-Jun-05,7.2,350
11-Jun-05,6.7,277
12-Jun-05,6.8,298
13-Jun-05,6.8,292
14-Jun-05,6.6,267
15-Jun-05,6.6,257
16-Jun-05,7.1,344
17-Jun-05,6.8,292
18-Jun-05,7.2,357
19-Jun-05,7.4,393
20-Jun-05,7,321
21-Jun-05,7,321
22-Jun-05,7,321
23-Jun-05,6.7,275
24-Jun-05,6.5,247
25-Jun-05,6.8,288
26-Jun-05,6.9,313
27-Jun-05,6.4,229
28-Jun-05,6.3,208
29-Jun-05,6.6,257
30-Jun-05,6.8,293
1-Jul-05,6.8,288
2-Jul-05,6.8,283
3-Jul-05,6.8,292
4-Jul-05,6.7,272
5-Jul-05,6.8,288
6-Jul-05,6.7,265
7-Jul-05,6.6,264
8-Jul-05,7.3,370
9-Jul-05,6.8,290
10-Jul-05,6.5,238
11-Jul-05,6.7,272
12-Jul-05,6.8,287
13-Jul-05,6.8,288
14-Jul-05,6.7,270
15-Jul-05,7.1,337
16-Jul-05,7.2,355
17-Jul-05,6.6,262
18-Jul-05,6.6,254
19-Jul-05,6.6,259
20-Jul-05,6.8,288
21-Jul-05,6.8,310
22-Jul-05,6.9,311
23-Jul-05,6.8,298
24-Jul-05,6.8,298
25-Jul-05,6.8,303
26-Jul-05,6.9,313
27-Jul-05,7,326
28-Jul-05,6.8,295
29-Jul-05,7,328
30-Jul-05,7.1,357
31-Jul-05,7.2,364
1-Aug-05,7.2,362
2-Aug-05,7.2,359
3-Aug-05,6.4,242
4-Aug-05,6.5,247
5-Aug-05,6.5,251
6-Aug-05,6.5,257
7-Aug-05,6.6,270
8-Aug-05,6.5,254
9-Aug-05,6.4,238
10-Aug-05,6.5,251
11-Aug-05,6.3,226
12-Aug-05,6.5,251
13-Aug-05,6.6,265
14-Aug-05,6.9,318
15-Aug-05,7,328
16-Aug-05,6.8,296
17-Aug-05,6.7,285
18-Aug-05,6.7,290
19-Aug-05,6.6,267
20-Aug-05,6.7,277
21-Aug-05,6.2,211
22-Aug-05,6.2,197
23-Aug-05,6.5,244
24-Aug-05,6.3,216
25-Aug-05,6.3,223
26-Aug-05,6.3,228
27-Aug-05,6.2,198
28-Aug-05,6.2,205
29-Aug-05,6.3,221
30-Aug-05,6.2,197
31-Aug-05,6.2,200
1-Sep-05,5.9,160
2-Sep-05,6.2,195
3-Sep-05,5.7,122
4-Sep-05,5.7,115
5-Sep-05,6.3,218
6-Sep-05,6.4,238
7-Sep-05,5.9,158
8-Sep-05,5.4,79
9-Sep-05,5.8,143
10-Sep-05,5.8,134
11-Sep-05,5.5,82
12-Sep-05,3.5,0
13-Sep-05,5.5,88
14-Sep-05,3.8,0
15-Sep-05,3.8,0
16-Sep-05,3.9,0
17-Sep-05,3.8,0
18-Sep-05,5.3,66
19-Sep-05,3.8,0
20-Sep-05,5.8,143
21-Sep-05,6.1,193
22-Sep-05,6.2,202
23-Sep-05,5.5,86
24-Sep-05,5.5,89
25-Sep-05,5.3,70
26-Sep-05,5.3,70
27-Sep-05,5.4,71
28-Sep-05,5.7,122
29-Sep-05,5.6,101
30-Sep-05,5.5,86
1-Oct-05,5.6,101
2-Oct-05,5.5,88
3-Oct-05,5.4,78
4-Oct-05,5.5,80
5-Oct-05,5.5,80
6-Oct-05,5.5,88
7-Oct-05,5.4,78
8-Oct-05,5.2,61
9-Oct-05,5.3,66
10-Oct-05,5.4,71
11-Oct-05,5.2,62
12-Oct-05,5.2,60
13-Oct-05,5.2,55
14-Oct-05,5.4,72
15-Oct-05,5.4,71
16-Oct-05,5.3,65
17-Oct-05,5.4,76
18-Oct-05,5.2,61
19-Oct-05,5.2,58
20-Oct-05,5.4,71
21-Oct-05,5.3,70
22-Oct-05,5.3,64
23-Oct-05,5.4,71
24-Oct-05,5.4,73
25-Oct-05,5.2,53
26-Oct-05,5.1,50
27-Oct-05,5.4,77
28-Oct-05,4.9,24
29-Oct-05,5,36
30-Oct-05,5.2,52
31-Oct-05,5.7,122
1-Nov-05,6.2,202
2-Nov-05,5.7,105
3-Nov-05,6.3,218
4-Nov-05,5.2,54
5-Nov-05,5.2,52
6-Nov-05,  NaN,  NaN
7-Nov-05,5.2,52
8-Nov-05,  NaN,  NaN
9-Nov-05,5.2,51
10-Nov-05,5.1,40
11-Nov-05,4.9,25
12-Nov-05,4.8,19
13-Nov-05,4.8,16
14-Nov-05,4.7,12
15-Nov-05,4.7,10
16-Nov-05,4.7,10
17-Nov-05,4.7,10
18-Nov-05,4.5,7
19-Nov-05,4.5,7
20-Nov-05,4.5,6
21-Nov-05,4.5,6
22-Nov-05,4.5,6
23-Nov-05,4.5,6
24-Nov-05,  NaN,  NaN
25-Nov-05,4.5,7
26-Nov-05,4.5,7
27-Nov-05,4.5,6
28-Nov-05,4.5,7
29-Nov-05,4.5,8
30-Nov-05,  NaN,  NaN
1-Dec-05,  NaN,  NaN
2-Dec-05,  NaN,  NaN
3-Dec-05,  NaN,  NaN
4-Dec-05,  NaN,  NaN
5-Dec-05,  NaN,  NaN
6-Dec-05,  NaN,  NaN
7-Dec-05,  NaN,  NaN
8-Dec-05,  NaN,  NaN
9-Dec-05,  NaN,  NaN
10-Dec-05,  NaN,  NaN
11-Dec-05,  NaN,  NaN
12-Dec-05,4.5,7
13-Dec-05,4.5,8
14-Dec-05,4.5,8
15-Dec-05,4.5,8
16-Dec-05,4.5,8
17-Dec-05,4.5,8
18-Dec-05,4.6,9
19-Dec-05,4.7,15
20-Dec-05,4.9,23
21-Dec-05,4.9,24
22-Dec-05,4.9,25
23-Dec-05,4.8,19
24-Dec-05,5.2,55
25-Dec-05,5,31
26-Dec-05,7.6,426
27-Dec-05,8.1,512
28-Dec-05,5.7,51
29-Dec-05,5.2,14
30-Dec-05,5,8
31-Dec-05,6.8,220
1-Jan-06,10.8,985
2-Jan-06,18.9,806
3-Jan-06,20,  NaN
4-Jan-06,13.7,786
5-Jan-06,6.9,323
6-Jan-06,6.1,190
7-Jan-06,5.8,129
8-Jan-06,5.7,115
9-Jan-06,5.5,82
10-Jan-06,5.3,69
11-Jan-06,5.2,65
12-Jan-06,5.1,59
13-Jan-06,5.1,54
14-Jan-06,5,50
15-Jan-06,6.5,259
16-Jan-06,6.2,218
17-Jan-06,5.5,98
18-Jan-06,5.3,70
19-Jan-06,6.7,293
20-Jan-06,6.2,215
21-Jan-06,5.6,115
22-Jan-06,5.3,76
23-Jan-06,5.2,65
24-Jan-06,5.2,60
25-Jan-06,5.1,53
26-Jan-06,5,48
27-Jan-06,5,42
28-Jan-06,5,41
29-Jan-06,4.9,39
30-Jan-06,4.9,38
31-Jan-06,4.9,36
1-Feb-06,4.9,39
2-Feb-06,5,42
3-Feb-06,4.9,36
4-Feb-06,4.9,34
5-Feb-06,4.9,30
6-Feb-06,4.8,29
7-Feb-06,4.8,28
8-Feb-06,4.8,19
9-Feb-06,4.8,18
10-Feb-06,4.8,17
11-Feb-06,4.8,17
12-Feb-06,4.8,17
13-Feb-06,4.8,17
14-Feb-06,4.8,16
15-Feb-06,4.8,15
16-Feb-06,4.8,16
17-Feb-06,4.8,14
18-Feb-06,4.8,15
19-Feb-06,4.8,17
20-Feb-06,4.8,17
21-Feb-06,4.8,17
22-Feb-06,4.8,17
23-Feb-06,4.8,16
24-Feb-06,4.8,14
25-Feb-06,4.7,13
26-Feb-06,4.7,13
27-Feb-06,4.8,17
28-Feb-06,4.8,20
1-Mar-06,6,165
2-Mar-06,5.5,75
3-Mar-06,5.2,50
4-Mar-06,7.2,350
5-Mar-06,6.2,187
6-Mar-06,6.6,264
7-Mar-06,7.6,431
8-Mar-06,6.2,202
9-Mar-06,5.7,117
10-Mar-06,5.5,77
11-Mar-06,5.7,115
12-Mar-06,6.7,278
13-Mar-06,6.6,265
14-Mar-06,6.7,282
15-Mar-06,8.1,503
16-Mar-06,7.1,347
17-Mar-06,7.3,378
18-Mar-06,9.3,761
19-Mar-06,8.1,507
20-Mar-06,7.1,344
21-Mar-06,10.5,990
22-Mar-06,7.8,462
23-Mar-06,6.4,233
24-Mar-06,6,157
25-Mar-06,7.8,465
26-Mar-06,10.3,990
27-Mar-06,7.4,390
28-Mar-06,9.1,738
29-Mar-06,14.2,901
30-Mar-06,11.5,970
31-Mar-06,8.1,527
1-Apr-06,12.7,982
2-Apr-06,9.9,923
3-Apr-06,22.1,990
4-Apr-06,24.6,  NaN
5-Apr-06,22.6,  NaN
6-Apr-06,19.2,  NaN
7-Apr-06,14.1,958
8-Apr-06,8.7,708
9-Apr-06,7.4,442
10-Apr-06,6.8,352
11-Apr-06,6.7,295
12-Apr-06,6.5,267
13-Apr-06,6.2,212
14-Apr-06,6.7,279
15-Apr-06,7,336
16-Apr-06,6.9,306
17-Apr-06,8,538
18-Apr-06,7.6,452
19-Apr-06,7,325
20-Apr-06,6.9,307
21-Apr-06,6.7,277
22-Apr-06,6.6,268
23-Apr-06,6.8,297
24-Apr-06,6.6,267
25-Apr-06,6.5,257
26-Apr-06,6.3,225
27-Apr-06,6.2,208
28-Apr-06,6.5,248
29-Apr-06,6.4,233
30-Apr-06,6.6,261
1-May-06,6.3,224
2-May-06,6.4,233
3-May-06,6.5,245
4-May-06,6.6,272
5-May-06,6.9,304
6-May-06,7,334
7-May-06,7.1,355
8-May-06,7.1,358
9-May-06,7.3,388
10-May-06,7.4,405
11-May-06,7.2,375
12-May-06,6.9,304
13-May-06,6.7,286
14-May-06,6.8,291
15-May-06,6.9,309
16-May-06,6.7,282
17-May-06,6.8,292
18-May-06,6.9,332
19-May-06,6.7,306
20-May-06,6.7,295
21-May-06,6.8,314
22-May-06,7.5,473
23-May-06,8.3,630
24-May-06,8.1,600
25-May-06,8,563
26-May-06,6.5,266
27-May-06,6.7,297
28-May-06,6.4,252
29-May-06,6.3,242
30-May-06,6.2,227
31-May-06,6.1,214
1-Jun-06,6.2,230
2-Jun-06,6.2,221
3-Jun-06,6.5,270
4-Jun-06,6.4,260
5-Jun-06,6.5,264
6-Jun-06,6.7,297
7-Jun-06,6.7,298
8-Jun-06,6.7,297
9-Jun-06,6.6,280
10-Jun-06,6.5,263
11-Jun-06,6.4,257
12-Jun-06,6.3,234
13-Jun-06,6.8,316
14-Jun-06,6.6,279
15-Jun-06,6.5,274
16-Jun-06,6.6,279
17-Jun-06,7,355
18-Jun-06,7,349
19-Jun-06,7.1,381
20-Jun-06,6.9,336
21-Jun-06,6.7,294
22-Jun-06,6.9,332
23-Jun-06,6.7,298
24-Jun-06,6.7,295
25-Jun-06,6.7,306
26-Jun-06,6.7,313
27-Jun-06,6.7,316
28-Jun-06,6.7,303
29-Jun-06,6.8,336
30-Jun-06,6.7,314
1-Jul-06,6.8,325
2-Jul-06,6.9,340
3-Jul-06,6.8,319
4-Jul-06,6.7,310
5-Jul-06,6.9,345
6-Jul-06,6.9,355
7-Jul-06,7,366
8-Jul-06,6.8,318
9-Jul-06,6.4,270
10-Jul-06,6.8,332
11-Jul-06,7,364
12-Jul-06,6.9,349
13-Jul-06,6.9,340
14-Jul-06,6.8,332
15-Jul-06,6.9,345
16-Jul-06,7.1,385
17-Jul-06,7,381
18-Jul-06,6.8,334
19-Jul-06,7,362
20-Jul-06,7,377
21-Jul-06,6.8,328
22-Jul-06,6.8,323
23-Jul-06,6.9,349
24-Jul-06,7.1,383
25-Jul-06,7.1,383
26-Jul-06,6.8,319
27-Jul-06,7,362
28-Jul-06,7,381
29-Jul-06,7.1,400
30-Jul-06,7.2,405
31-Jul-06,7,368
1-Aug-06,7,372
2-Aug-06,7.2,415
3-Aug-06,7.2,424
4-Aug-06,7,362
5-Aug-06,6.9,347
6-Aug-06,6.9,353
7-Aug-06,6.5,282
8-Aug-06,6.5,285
9-Aug-06,6.6,294
10-Aug-06,6.5,286
11-Aug-06,6.7,303
12-Aug-06,6.7,312
13-Aug-06,6.6,294
14-Aug-06,6.7,313
15-Aug-06,6.7,304
16-Aug-06,6.7,303
17-Aug-06,6.4,263
18-Aug-06,6.1,222
19-Aug-06,6.3,251
20-Aug-06,6.5,286
21-Aug-06,6.4,264
22-Aug-06,6.5,280
23-Aug-06,6.6,300
24-Aug-06,6.7,314
25-Aug-06,6.5,277
26-Aug-06,6.7,297
27-Aug-06,6.4,255
28-Aug-06,6.6,283
29-Aug-06,6.3,239
30-Aug-06,6.1,214
31-Aug-06,5.8,165
1-Sep-06,6.2,233
2-Sep-06,6,194
3-Sep-06,6,188
4-Sep-06,5.7,153
5-Sep-06,5.9,181
6-Sep-06,5.8,169
7-Sep-06,5.8,160
8-Sep-06,5.9,178
9-Sep-06,6,203
10-Sep-06,5.8,162
11-Sep-06,5.6,127
12-Sep-06,6,187
13-Sep-06,5.9,167
14-Sep-06,5.7,136
15-Sep-06,5.7,141
16-Sep-06,5.7,127
17-Sep-06,5.7,138
18-Sep-06,6,188
19-Sep-06,6,188
20-Sep-06,6,188
21-Sep-06,5.7,132
22-Sep-06,5.6,112
23-Sep-06,6,179
24-Sep-06,6,179
25-Sep-06,5.9,172
26-Sep-06,5.8,150
27-Sep-06,5.7,139
28-Sep-06,5.6,120
29-Sep-06,5.7,127
30-Sep-06,5.6,120
1-Oct-06,5.7,132
2-Oct-06,5.7,129
3-Oct-06,5.7,132
4-Oct-06,5.6,115
5-Oct-06,5.7,127
6-Oct-06,5.5,98
7-Oct-06,5.2,70
8-Oct-06,5.2,70
9-Oct-06,  NaN,  NaN
10-Oct-06,5.2,70
11-Oct-06,5.2,70
12-Oct-06,5.2,70
13-Oct-06,  NaN,  NaN
14-Oct-06,  NaN,  NaN
15-Oct-06,  NaN,  NaN
16-Oct-06,  NaN,  NaN
17-Oct-06,  NaN,  NaN
18-Oct-06,  NaN,  NaN
19-Oct-06,  NaN,  NaN
20-Oct-06,  NaN,  NaN
21-Oct-06,  NaN,  NaN
22-Oct-06,  NaN,  NaN
23-Oct-06,  NaN,  NaN
24-Oct-06,  NaN,  NaN
25-Oct-06,  NaN,  NaN
26-Oct-06,  NaN,  NaN
27-Oct-06,  NaN,  NaN
28-Oct-06,  NaN,  NaN
29-Oct-06,  NaN,  NaN
30-Oct-06,  NaN,  NaN
31-Oct-06,  NaN,  NaN
1-Nov-06,  NaN,  NaN
2-Nov-06,  NaN,  NaN
3-Nov-06,  NaN,  NaN
4-Nov-06,  NaN,  NaN
5-Nov-06,  NaN,  NaN
6-Nov-06,  NaN,  NaN
7-Nov-06,  NaN,  NaN
8-Nov-06,  NaN,  NaN
9-Nov-06,4.6,13
10-Nov-06,4.6,12
11-Nov-06,4.6,12
12-Nov-06,4.6,12
13-Nov-06,  NaN,  NaN
14-Nov-06,  NaN,  NaN
15-Nov-06,  NaN,  NaN
16-Nov-06,  NaN,  NaN
17-Nov-06,  NaN,  NaN
18-Nov-06,  NaN,  NaN
19-Nov-06,  NaN,  NaN
20-Nov-06,  NaN,  NaN
21-Nov-06,  NaN,  NaN
22-Nov-06,4.5,8
23-Nov-06,4.5,8
24-Nov-06,  NaN,  NaN
25-Nov-06,  NaN,  NaN
26-Nov-06,  NaN,  NaN
27-Nov-06,4.5,8
28-Nov-06,4.5,8
29-Nov-06,  NaN,  NaN
30-Nov-06,4.4,7
1-Dec-06,  NaN,  NaN
2-Dec-06,  NaN,  NaN
3-Dec-06,  NaN,  NaN
4-Dec-06,  NaN,  NaN
5-Dec-06,  NaN,  NaN
6-Dec-06,  NaN,  NaN
7-Dec-06,4.4,6
8-Dec-06,4.4,6
9-Dec-06,  NaN,  NaN
10-Dec-06,  NaN,  NaN
11-Dec-06,  NaN,  NaN
12-Dec-06,4.8,7
13-Dec-06,4.7,6
14-Dec-06,4.5,3
15-Dec-06,4.5,3
16-Dec-06,  NaN,  NaN
17-Dec-06,4.5,3
18-Dec-06,  NaN,  NaN
19-Dec-06,  NaN,  NaN
20-Dec-06,  NaN,  NaN
21-Dec-06,4.6,4
22-Dec-06,4.5,3
23-Dec-06,4.5,3
24-Dec-06,4.6,4
25-Dec-06,4.6,5
26-Dec-06,4.6,4
27-Dec-06,4.6,4
28-Dec-06,4.6,4
29-Dec-06,  NaN,  NaN
30-Dec-06,  NaN,  NaN
31-Dec-06,  NaN,  NaN
1-Jan-07,4.6,4
2-Jan-07,4.6,4
3-Jan-07,5.7,70
4-Jan-07,5.7,70
5-Jan-07,  NaN,  NaN
6-Jan-07,  NaN,  NaN
7-Jan-07,  NaN,  NaN
8-Jan-07,5.7,70
9-Jan-07,4.6,4
10-Jan-07,4.6,4
11-Jan-07,4.6,4
12-Jan-07,5.6,68
13-Jan-07,5.6,68
14-Jan-07,  NaN,  NaN
15-Jan-07,5.6,68
16-Jan-07,  NaN,  NaN
17-Jan-07,5.6,67
18-Jan-07,4.5,3
19-Jan-07,4.6,4
20-Jan-07,4.5,3
21-Jan-07,4.5,3
22-Jan-07,4.5,3
23-Jan-07,4.5,3
24-Jan-07,4.5,3
25-Jan-07,4.5,3
26-Jan-07,4.5,3
27-Jan-07,4.5,3
28-Jan-07,4.5,3
29-Jan-07,4.5,3
30-Jan-07,4.5,3
31-Jan-07,4.5,3
1-Feb-07,4.5,3
2-Feb-07,4.5,3
3-Feb-07,4.5,3
4-Feb-07,4.5,3
5-Feb-07,4.5,3
6-Feb-07,  NaN,  NaN
7-Feb-07,  NaN,  NaN
8-Feb-07,4.5,5
9-Feb-07,4.5,2
10-Feb-07,4.5,3
11-Feb-07,9.4,769
12-Feb-07,9.5,780
13-Feb-07,5.8,81
14-Feb-07,5.3,31
15-Feb-07,5.1,17
16-Feb-07,4.9,8
17-Feb-07,4.8,7
18-Feb-07,4.7,6
19-Feb-07,4.7,5
20-Feb-07,4.7,5
21-Feb-07,4.7,4
22-Feb-07,4.7,5
23-Feb-07,4.7,4
24-Feb-07,5.3,29
25-Feb-07,5.1,17
26-Feb-07,6.5,202
27-Feb-07,10,891
28-Feb-07,8.9,651
1-Mar-07,6.8,240
2-Mar-07,6.1,124
3-Mar-07,5.5,50
4-Mar-07,5.2,23
5-Mar-07,5.1,17
6-Mar-07,5,11
7-Mar-07,5,10
8-Mar-07,4.9,8
9-Mar-07,6.2,152
10-Mar-07,6.7,225
11-Mar-07,6.1,134
12-Mar-07,6,117
13-Mar-07,5.9,100
14-Mar-07,6,105
15-Mar-07,6,103
16-Mar-07,6,110
17-Mar-07,6.3,170
18-Mar-07,6.7,218
19-Mar-07,6.8,242
20-Mar-07,6.4,184
21-Mar-07,6.1,129
22-Mar-07,6.1,122
23-Mar-07,6.5,187
24-Mar-07,6.4,176
25-Mar-07,5.9,94
26-Mar-07,5.8,79
27-Mar-07,  NaN,  NaN
28-Mar-07,5.2,27
29-Mar-07,5.2,23
30-Mar-07,5.4,43
31-Mar-07,  NaN,  NaN
1-Apr-07,  NaN,  NaN
2-Apr-07,5.7,73
3-Apr-07,5.7,70
4-Apr-07,5.5,56
5-Apr-07,5.7,74
6-Apr-07,5.7,71
7-Apr-07,5.9,100
8-Apr-07,5.5,49
9-Apr-07,5.5,50
10-Apr-07,5.3,34
11-Apr-07,5.7,67
12-Apr-07,  NaN,  NaN
13-Apr-07,5.3,29
14-Apr-07,5.3,29
15-Apr-07,  NaN,  NaN
16-Apr-07,5.5,49
17-Apr-07,5.1,19
18-Apr-07,5.4,45
19-Apr-07,5.7,122
20-Apr-07,5.5,93
21-Apr-07,5.3,69
22-Apr-07,5.2,66
23-Apr-07,5.1,49
24-Apr-07,5.3,69
25-Apr-07,5.4,80
26-Apr-07,5.5,89
27-Apr-07,5.5,88
28-Apr-07,5.9,157
29-Apr-07,5.8,152
30-Apr-07,6.1,190
1-May-07,6.7,276
2-May-07,6.6,268
3-May-07,6.3,218
4-May-07,5.9,164
5-May-07,5.8,152
6-May-07,5.7,122
7-May-07,5.5,94
8-May-07,5.7,131
9-May-07,6,174
10-May-07,6.3,224
11-May-07,6.2,209
12-May-07,6.2,208
13-May-07,6.2,212
14-May-07,6.2,211
15-May-07,6.1,197
16-May-07,6.1,190
17-May-07,6.3,222
18-May-07,6,175
19-May-07,6.5,246
20-May-07,6,184
21-May-07,6.3,220
22-May-07,6,176
23-May-07,6.2,208
24-May-07,6,185
25-May-07,5.8,145
26-May-07,5.7,120
27-May-07,5.9,165
28-May-07,5.8,150
29-May-07,5.8,158
30-May-07,6,179
31-May-07,6.2,218
1-Jun-07,6.5,254
2-Jun-07,6.3,222
3-Jun-07,6.2,206
4-Jun-07,6.1,205
5-Jun-07,6.5,261
6-Jun-07,6.7,283
7-Jun-07,6.3,224
8-Jun-07,5.9,174
9-Jun-07,5.9,174
10-Jun-07,5.9,170
11-Jun-07,6,188
12-Jun-07,6,185
13-Jun-07,6.4,249
14-Jun-07,6.6,268
15-Jun-07,6.5,251
16-Jun-07,6.4,245
17-Jun-07,6.4,249
18-Jun-07,6.1,208
19-Jun-07,6.6,283
20-Jun-07,6.7,292
21-Jun-07,6.2,225
22-Jun-07,6.2,225
23-Jun-07,6.3,228
24-Jun-07,  NaN,  NaN
25-Jun-07,6.2,212
26-Jun-07,6.1,208
27-Jun-07,6.2,224
28-Jun-07,6.6,282
29-Jun-07,6.3,228
30-Jun-07,6.3,239
1-Jul-07,6.1,203
2-Jul-07,  NaN,  NaN
3-Jul-07,  NaN,  NaN
4-Jul-07,  NaN,  NaN
5-Jul-07,6,182
6-Jul-07,6.1,205
7-Jul-07,6.2,215
8-Jul-07,6.1,202
9-Jul-07,6.1,208
10-Jul-07,6.2,216
11-Jul-07,6.1,200
12-Jul-07,6.2,222
13-Jul-07,6.1,200
14-Jul-07,6.1,211
15-Jul-07,5.7,132
16-Jul-07,6,184
17-Jul-07,5.9,179
18-Jul-07,6.2,216
19-Jul-07,6.2,218
20-Jul-07,6.2,214
21-Jul-07,6,188
22-Jul-07,5.9,176
23-Jul-07,5.7,139
24-Jul-07,5.9,176
25-Jul-07,6.3,240
26-Jul-07,6.6,280
27-Jul-07,6.2,227
28-Jul-07,6.1,209
29-Jul-07,6.1,206
30-Jul-07,6.3,237
31-Jul-07,5.8,167
1-Aug-07,5.7,144
2-Aug-07,5.8,167
3-Aug-07,5.7,141
4-Aug-07,5.7,148
5-Aug-07,5.7,139
6-Aug-07,5.8,167
7-Aug-07,5.8,153
8-Aug-07,5.7,144
9-Aug-07,5.9,181
10-Aug-07,5.9,172
11-Aug-07,5.6,126
12-Aug-07,5.5,103
13-Aug-07,6.2,215
14-Aug-07,5.8,164
15-Aug-07,5.7,132
16-Aug-07,5.9,179
17-Aug-07,5.9,179
18-Aug-07,6,185
19-Aug-07,5.5,112
20-Aug-07,5.5,105
21-Aug-07,5.4,89
22-Aug-07,6.2,220
23-Aug-07,6.3,231
24-Aug-07,6,188
25-Aug-07,5.7,148
26-Aug-07,5.7,146
27-Aug-07,5.6,124
28-Aug-07,  NaN,  NaN
29-Aug-07,  NaN,  NaN
30-Aug-07,5.4,93
31-Aug-07,5.7,144
1-Sep-07,5.7,146
2-Sep-07,5.4,86
3-Sep-07,5.3,83
4-Sep-07,5.8,160
5-Sep-07,5.5,103
6-Sep-07,5.5,106
7-Sep-07,5.4,98
8-Sep-07,5.2,73
9-Sep-07,5.3,79
10-Sep-07,5.2,66
11-Sep-07,5.3,80
12-Sep-07,5.4,88
13-Sep-07,5.2,68
14-Sep-07,5.2,66
15-Sep-07,  NaN,  NaN
16-Sep-07,  NaN,  NaN
17-Sep-07,5.1,63
18-Sep-07,5.6,120
19-Sep-07,5.2,65
20-Sep-07,5.3,75
21-Sep-07,5.2,72
22-Sep-07,5.1,61
23-Sep-07,5.3,76
24-Sep-07,5.2,70
25-Sep-07,5.4,96
26-Sep-07,5.2,68
27-Sep-07,4.9,44
28-Sep-07,5.9,176
29-Sep-07,6.3,237
30-Sep-07,5.6,126
1-Oct-07,5.4,88
2-Oct-07,5.2,65
3-Oct-07,4.8,34
4-Oct-07,5,55
5-Oct-07,5,55
6-Oct-07,  NaN,  NaN
7-Oct-07,5,50
8-Oct-07,5,47
9-Oct-07,4.8,29
10-Oct-07,4.7,22
11-Oct-07,4.7,19
12-Oct-07,4.8,27
13-Oct-07,4.7,19
14-Oct-07,4.6,14
15-Oct-07,4.5,12
16-Oct-07,4.5,8
17-Oct-07,4.4,8
18-Oct-07,4.4,7
19-Oct-07,4.4,7
20-Oct-07,4.4,7
21-Oct-07,4.3,7
22-Oct-07,4.4,7
23-Oct-07,4.4,8
24-Oct-07,4.5,8
25-Oct-07,4.4,7
26-Oct-07,4.4,8
27-Oct-07,4.4,8
28-Oct-07,4.5,9
29-Oct-07,4.7,22
30-Oct-07,4.6,16
31-Oct-07,4.6,15
1-Nov-07,4.6,18
2-Nov-07,4.7,20
3-Nov-07,4.7,22
4-Nov-07,4.7,23
5-Nov-07,4.8,24
6-Nov-07,4.8,5
7-Nov-07,4.8,5
8-Nov-07,4.6,3
9-Nov-07,4.6,3
10-Nov-07,4.5,1
11-Nov-07,4.5,1
12-Nov-07,4.5,0
13-Nov-07,4.3,0
14-Nov-07,4.2,0
15-Nov-07,4.1,0
16-Nov-07,4.1,0
17-Nov-07,4,0
18-Nov-07,4,0
19-Nov-07,3.9,0
20-Nov-07,3.8,0
21-Nov-07,3.8,0
22-Nov-07,3.7,0
23-Nov-07,3.6,0
24-Nov-07,3.5,0
25-Nov-07,3.5,0
26-Nov-07,3.5,0
27-Nov-07,3.5,0
28-Nov-07,3.5,0
29-Nov-07,3.5,0
30-Nov-07,  NaN,  NaN
1-Dec-07,  NaN,  NaN
2-Dec-07,  NaN,  NaN
3-Dec-07,  NaN,  NaN
4-Dec-07,3.5,0
5-Dec-07,3.5,0
6-Dec-07,3.5,0
7-Dec-07,4,1
8-Dec-07,4,1
9-Dec-07,3.9,0
10-Dec-07,3.9,0
11-Dec-07,3.8,0
12-Dec-07,3.8,0
13-Dec-07,3.7,0
14-Dec-07,  NaN,  NaN
15-Dec-07,  NaN,  NaN
16-Dec-07,  NaN,  NaN
17-Dec-07,  NaN,  NaN
18-Dec-07,3.6,0
19-Dec-07,3.7,0
20-Dec-07,4.2,2
21-Dec-07,4.1,1
22-Dec-07,4,0
23-Dec-07,3.9,0
24-Dec-07,3.8,0
25-Dec-07,3.8,0
26-Dec-07,3.7,0
27-Dec-07,3.6,0
28-Dec-07,3.6,0
29-Dec-07,3.5,0
30-Dec-07,3.5,0
31-Dec-07,3.5,0
1-Jan-08,3.5,0
2-Jan-08,3.5,0
3-Jan-08,3.5,0
4-Jan-08,4.9,29
5-Jan-08,  NaN,  NaN
6-Jan-08,10,968
7-Jan-08,8.1,552
8-Jan-08,5.8,127
9-Jan-08,5.2,57
10-Jan-08,5.2,57
11-Jan-08,5,36
12-Jan-08,5,36
13-Jan-08,4.9,26
14-Jan-08,4.8,20
15-Jan-08,4.8,19
16-Jan-08,4.7,15
17-Jan-08,4.7,12
18-Jan-08,4.6,10
19-Jan-08,4.8,18
20-Jan-08,4.6,8
21-Jan-08,4.5,7
22-Jan-08,4.6,10
23-Jan-08,13.1,962
24-Jan-08,16.9,  NaN
25-Jan-08,12.5,976
26-Jan-08,8.1,552
27-Jan-08,9.7,903
28-Jan-08,13.2,897
29-Jan-08,11.7,960
30-Jan-08,7.2,358
31-Jan-08,6.3,215
1-Feb-08,5.8,127
2-Feb-08,5.6,103
3-Feb-08,12.1,957
4-Feb-08,13.2,957
5-Feb-08,8.1,559
6-Feb-08,6.4,224
7-Feb-08,5.8,139
8-Feb-08,5.5,84
9-Feb-08,5.3,67
10-Feb-08,5.2,54
11-Feb-08,5,41
12-Feb-08,4.9,26
13-Feb-08,4.8,19
14-Feb-08,4.7,14
15-Feb-08,4.6,11
16-Feb-08,4.6,8
17-Feb-08,4.5,8
18-Feb-08,4.5,7
19-Feb-08,4.5,7
20-Feb-08,4.6,9
21-Feb-08,4.8,19
22-Feb-08,4.8,18
23-Feb-08,5.5,82
24-Feb-08,10.6,863
25-Feb-08,11,968
26-Feb-08,8.4,612
27-Feb-08,6.1,212
28-Feb-08,5.6,165
29-Feb-08,5.3,119
1-Mar-08,5.2,88
2-Mar-08,5,73
3-Mar-08,4.9,62
4-Mar-08,4.8,55
5-Mar-08,4.8,48
6-Mar-08,4.7,43
7-Mar-08,4.7,41
8-Mar-08,4.6,22
9-Mar-08,4.6,20
10-Mar-08,4.6,17
11-Mar-08,4.5,23
12-Mar-08,4.5,23
13-Mar-08,4.5,20
14-Mar-08,4.4,19
15-Mar-08,4.4,19
16-Mar-08,4.4,18
17-Mar-08,4.4,17
18-Mar-08,4.4,16
19-Mar-08,4.4,14
20-Mar-08,4.4,14
21-Mar-08,4.3,13
22-Mar-08,4.3,12
23-Mar-08,4.3,11
24-Mar-08,4.3,10
25-Mar-08,4.8,49
26-Mar-08,4.6,34
27-Mar-08,6.3,270
28-Mar-08,6.2,258
29-Mar-08,5.2,98
30-Mar-08,4.8,49
31-Mar-08,4.8,48
1-Apr-08,4.7,39
2-Apr-08,5.4,124
3-Apr-08,5.8,188
4-Apr-08,5.8,185
5-Apr-08,5.8,193
6-Apr-08,5.9,200
7-Apr-08,5.9,202
8-Apr-08,5.5,129
9-Apr-08,5.4,110
10-Apr-08,5.5,139
11-Apr-08,5.1,73
12-Apr-08,5.2,81
13-Apr-08,5.2,83
14-Apr-08,5.7,160
15-Apr-08,5.5,141
16-Apr-08,5.1,73
17-Apr-08,5.1,71
18-Apr-08,5.1,77
19-Apr-08,5.5,132
20-Apr-08,5.4,117
21-Apr-08,5.4,120
22-Apr-08,5.5,136
23-Apr-08,5.6,190
24-Apr-08,5.6,152
25-Apr-08,5.5,142
26-Apr-08,5.5,130
27-Apr-08,5.3,117
28-Apr-08,5.4,129
29-Apr-08,5.4,128
30-Apr-08,5.3,113
1-May-08,5.4,119
2-May-08,5.7,155
3-May-08,5.7,156
4-May-08,5.7,158
5-May-08,5.6,147
6-May-08,5.6,148
7-May-08,  NaN,  NaN
8-May-08,5.6,147
9-May-08,5.7,162
10-May-08,5.7,162
11-May-08,5.7,162
12-May-08,  NaN,  NaN
13-May-08,5.5,130
14-May-08,  NaN,  NaN
15-May-08,6,200
16-May-08,6.3,239
17-May-08,6,194
18-May-08,6,194
19-May-08,5.8,171
20-May-08,5.9,181
21-May-08,6,194
22-May-08,5.8,177
23-May-08,5.9,188
24-May-08,5.7,160
25-May-08,6.2,222
26-May-08,5.7,160
27-May-08,5.6,148
28-May-08,5.6,145
29-May-08,5.5,139
30-May-08,5.9,192
31-May-08,6.2,222
1-Jun-08,5.8,175
2-Jun-08,5.8,176
3-Jun-08,5.9,182
4-Jun-08,5.7,166
5-Jun-08,5.9,189
6-Jun-08,6.2,225
7-Jun-08,5.9,184
8-Jun-08,5.9,189
9-Jun-08,5.9,189
10-Jun-08,5.9,192
11-Jun-08,6,193
12-Jun-08,6,193
13-Jun-08,5.9,184
14-Jun-08,6,200
15-Jun-08,6.2,225
16-Jun-08,6.4,249
17-Jun-08,6.3,239
18-Jun-08,6.3,240
19-Jun-08,6.3,244
20-Jun-08,6.4,254
21-Jun-08,6.4,249
22-Jun-08,6.3,240
23-Jun-08,6.4,246
24-Jun-08,6.4,255
25-Jun-08,6.3,235
26-Jun-08,6.6,282
27-Jun-08,6.4,256
28-Jun-08,6.6,280
29-Jun-08,6.6,280
30-Jun-08,6.5,260
1-Jul-08,6.6,292
2-Jul-08,6.8,341
3-Jul-08,6.7,298
4-Jul-08,6.3,232
5-Jul-08,6.2,230
6-Jul-08,6.2,227
7-Jul-08,6.3,237
8-Jul-08,6.4,248
9-Jul-08,6.4,256
10-Jul-08,6.5,262
11-Jul-08,6.6,278
12-Jul-08,6.5,273
13-Jul-08,6.5,262
14-Jul-08,6.3,237
15-Jul-08,6.2,223
16-Jul-08,6.3,236
17-Jul-08,6.4,252
18-Jul-08,6.4,248
19-Jul-08,6.3,232
20-Jul-08,6,197
21-Jul-08,6,197
22-Jul-08,6.1,207
23-Jul-08,6.2,223
24-Jul-08,6.3,242
25-Jul-08,6.3,232
26-Jul-08,6,204
27-Jul-08,5.9,190
28-Jul-08,6,194
29-Jul-08,6,194
30-Jul-08,5.7,161
31-Jul-08,6,198
1-Aug-08,6.2,225
2-Aug-08,6.2,222
3-Aug-08,6.1,209
4-Aug-08,6.3,234
5-Aug-08,6.2,227
6-Aug-08,6,193
7-Aug-08,5.8,168
8-Aug-08,5.7,158
9-Aug-08,  NaN,  NaN
10-Aug-08,  NaN,  NaN
11-Aug-08,  NaN,  NaN
12-Aug-08,5.4,128
13-Aug-08,5.5,132
14-Aug-08,5.6,144
15-Aug-08,5.6,148
16-Aug-08,5.6,152
17-Aug-08,5.7,165
18-Aug-08,5.7,161
19-Aug-08,5.7,155
20-Aug-08,5.6,150
21-Aug-08,5.6,150
22-Aug-08,6,198
23-Aug-08,5.8,174
24-Aug-08,5.8,179
25-Aug-08,5.6,146
26-Aug-08,5.7,155
27-Aug-08,5.5,135
28-Aug-08,5.5,139
29-Aug-08,5.5,136
30-Aug-08,5.6,151
31-Aug-08,5.3,108
1-Sep-08,5.2,100
2-Sep-08,5.6,151
3-Sep-08,5.6,145
4-Sep-08,5.2,102
5-Sep-08,5.3,110
6-Sep-08,5.3,113
7-Sep-08,5.2,102
8-Sep-08,5.3,110
9-Sep-08,5.2,102
10-Sep-08,5.2,105
11-Sep-08,5.2,99
12-Sep-08,5,81
13-Sep-08,4.8,56
14-Sep-08,4.7,35
15-Sep-08,5.1,93
16-Sep-08,5.1,88
17-Sep-08,5,76
18-Sep-08,4.5,14
19-Sep-08,4.6,28
20-Sep-08,4.6,29
21-Sep-08,4.6,30
22-Sep-08,4.7,35
23-Sep-08,4.6,28
24-Sep-08,5,70
25-Sep-08,4.7,35
26-Sep-08,5.1,90
27-Sep-08,5.3,115
28-Sep-08,5.3,118
29-Sep-08,4.5,20
30-Sep-08,4.7,37
1-Oct-08,5.2,96
2-Oct-08,5.3,115
3-Oct-08,6.2,223
4-Oct-08,4.9,64
5-Oct-08,4.7,35
6-Oct-08,4.5,14
7-Oct-08,4.3,1
8-Oct-08,4.3,1
9-Oct-08,4.2,0
10-Oct-08,4.2,0
11-Oct-08,4.1,0
12-Oct-08,4.1,0
13-Oct-08,4.1,0
14-Oct-08,4,0
15-Oct-08,4.1,0
16-Oct-08,4.1,0
17-Oct-08,4,0
18-Oct-08,4,0
19-Oct-08,4,0
20-Oct-08,3.9,0
21-Oct-08,3.9,0
22-Oct-08,3.8,0
23-Oct-08,4.2,0
24-Oct-08,4.1,0
25-Oct-08,4.1,0
26-Oct-08,4.1,0
27-Oct-08,4.1,0
28-Oct-08,4.1,0
29-Oct-08,4.1,0
30-Oct-08,4.1,0
31-Oct-08,4.1,0
1-Nov-08,3.9,0
2-Nov-08,4.2,0
3-Nov-08,3.9,0
4-Nov-08,3.8,0
5-Nov-08,3.7,0
6-Nov-08,3.7,0
7-Nov-08,3.6,0
8-Nov-08,3.6,0
9-Nov-08,3.5,0
10-Nov-08,3.5,0
11-Nov-08,3.5,0
12-Nov-08,3.5,0
13-Nov-08,3.5,0
14-Nov-08,3.5,0
15-Nov-08,3.5,0
16-Nov-08,3.5,0
17-Nov-08,3.5,0
18-Nov-08,3.5,0
19-Nov-08,3.5,0
20-Nov-08,3.5,0
21-Nov-08,3.5,0
22-Nov-08,3.5,0
23-Nov-08,3.5,0
24-Nov-08,3.5,0
25-Nov-08,3.5,0
26-Nov-08,3.5,0
27-Nov-08,3.5,0
28-Nov-08,3.5,0
29-Nov-08,3.5,0
30-Nov-08,3.5,0
1-Dec-08,3.5,0
2-Dec-08,3.5,0
3-Dec-08,3.5,0
4-Dec-08,3.5,0
5-Dec-08,3.5,0
6-Dec-08,3.5,0
7-Dec-08,3.5,0
8-Dec-08,3.5,0
9-Dec-08,3.5,0
10-Dec-08,3.5,0
11-Dec-08,3.5,0
12-Dec-08,3.5,0
13-Dec-08,3.5,0
14-Dec-08,3.5,0
15-Dec-08,3.5,0
16-Dec-08,3.5,0
17-Dec-08,3.5,0
18-Dec-08,3.5,0
19-Dec-08,3.5,0
20-Dec-08,3.5,0
21-Dec-08,3.5,0
22-Dec-08,3.5,0
23-Dec-08,3.5,0
24-Dec-08,3.5,0
25-Dec-08,3.8,0
26-Dec-08,3.8,0
27-Dec-08,3.7,0
28-Dec-08,3.6,0
29-Dec-08,3.6,0
30-Dec-08,3.5,0
31-Dec-08,3.5,0
1-Jan-09,3.5,0
2-Jan-09,3.5,0
3-Jan-09,3.5,0
4-Jan-09,3.5,0
5-Jan-09,3.5,0
6-Jan-09,3.5,0
7-Jan-09,3.5,0
8-Jan-09,3.5,0
9-Jan-09,3.5,0
10-Jan-09,3.5,0
11-Jan-09,3.5,0
12-Jan-09,3.5,0
13-Jan-09,3.5,0
14-Jan-09,3.5,0
15-Jan-09,3.5,0
16-Jan-09,3.5,0
17-Jan-09,3.5,0
18-Jan-09,3.5,0
19-Jan-09,3.5,0
20-Jan-09,3.5,0
21-Jan-09,3.5,0
22-Jan-09,3.5,0
23-Jan-09,4.3,1
24-Jan-09,6.9,381
25-Jan-09,7.7,636
26-Jan-09,5.5,134
27-Jan-09,4.8,52
28-Jan-09,4.5,20
29-Jan-09,4.3,1
30-Jan-09,4.2,0
31-Jan-09,4.1,0
1-Feb-09,4.1,0
2-Feb-09,4,0
3-Feb-09,4,0
4-Feb-09,4,0
5-Feb-09,4,0
6-Feb-09,4,0
7-Feb-09,4,0
8-Feb-09,4.1,0
9-Feb-09,6.2,221
10-Feb-09,6.2,225
11-Feb-09,5,79
12-Feb-09,5.1,84
13-Feb-09,5.7,156
14-Feb-09,6.8,348
15-Feb-09,6.1,213
16-Feb-09,5.7,166
17-Feb-09,8.3,835
18-Feb-09,8.1,786
19-Feb-09,6.3,243
20-Feb-09,5.4,126
21-Feb-09,5,77
22-Feb-09,5.7,162
23-Feb-09,5.9,182
24-Feb-09,5.9,184
25-Feb-09,5.5,135
26-Feb-09,5,79
27-Feb-09,4.8,49
28-Feb-09,4.6,32
1-Mar-09,4.5,25
2-Mar-09,4.5,24
3-Mar-09,4.7,35
4-Mar-09,8.2,812
5-Mar-09,9.5,911
6-Mar-09,6,198
7-Mar-09,5.3,118
8-Mar-09,5,78
9-Mar-09,4.9,59
10-Mar-09,4.7,37
11-Mar-09,4.6,32
12-Mar-09,4.5,25
13-Mar-09,4.4,16
14-Mar-09,4.4,8
15-Mar-09,4.3,1
16-Mar-09,4.3,1
17-Mar-09,4.2,1
18-Mar-09,4.2,1
19-Mar-09,4.2,0
20-Mar-09,4.2,0
21-Mar-09,4.1,0
22-Mar-09,4.2,0
23-Mar-09,4.6,32
24-Mar-09,4.6,33
25-Mar-09,6,206
26-Mar-09,6.1,212
27-Mar-09,5.6,158
28-Mar-09,5.3,112
29-Mar-09,5.4,134
30-Mar-09,5.4,128
31-Mar-09,5.4,132
